id,title,thumbnails
1,Node.js Tutorial for Beginners: Learn Node in 1 Hour,https://i.ytimg.com/vi/TlB_eWDSMt4/default.jpg
2,Node.js Crash Course (2024 Revamp),https://i.ytimg.com/vi/32M1al-Y6Ag/default.jpg
3,Node.js: The Documentary | An origin story,https://i.ytimg.com/vi/LB8KwiiUGy0/default.jpg
4,Node Js Tutorial in Hindi ðŸ”¥ðŸ”¥,https://i.ytimg.com/vi/BLl32FvcdVM/default.jpg
5,Node JS Tutorial | Crash Course,https://i.ytimg.com/vi/vJEO57B05Sg/default.jpg
6,Node.js Ultimate Beginnerâ€™s Guide in 7 Easy Steps,https://i.ytimg.com/vi/ENrzD9HAZK4/default.jpg
7,What is Node js? | Simplified Explanation,https://i.ytimg.com/vi/yEHCfRWz-EI/default.jpg
8,Node.js and Express.js - Full Course,https://i.ytimg.com/vi/Oe421EPjeBE/default.jpg
9,Devs Book Club - Node.js. Guida per creare API e applicazioni in JavaScript,https://i.ytimg.com/vi/KrXDO4ljhJg/default.jpg
10,15 crazy new JS framework features you donâ€™t know yet,https://i.ytimg.com/vi/466U-2D86bc/default.jpg
11,Node.js Full Course for Beginners | Complete All-in-One Tutorial | 7 Hours,https://i.ytimg.com/vi/f2EqECiTBL8/default.jpg
12,What is Node js | à¤¹à¤¿à¤‚à¤¦à¥€ à¤®à¥‡à¤‚,https://i.ytimg.com/vi/fCACk9ziarQ/default.jpg
13,Node JS in Telugu | Node.js Tutorial for Beginners in Telugu,https://i.ytimg.com/vi/MY2Vxtfn5Tw/default.jpg
14,Learn Node.js &amp; Express with Project in 2 Hours,https://i.ytimg.com/vi/H9M02of22z4/default.jpg
15,Node JS for Beginners in Tamil | Full Video,https://i.ytimg.com/vi/vZY5Ap5Bsp8/default.jpg
16,What Is Node.js? | Introduction To Node.js | Node JS Tutorial For Beginners | Simplilearn,https://i.ytimg.com/vi/8u1o-OmOeGQ/default.jpg
17,Node js complete tutorial in Hindi -  Full Node course in one video,https://i.ytimg.com/vi/VrQgmNY96wo/default.jpg
18,What is NodeJS &amp; Why do we Need it? | Everything about NodeJS,https://i.ytimg.com/vi/WjzLVU-aFXI/default.jpg
19,ðŸ”¥Node Js Tutorial in one video | Master Node JS in one video in Hindi,https://i.ytimg.com/vi/o3sAZFveLW4/default.jpg
20,Why node.js is the wrong choice for APIs (and what to use instead),https://i.ytimg.com/vi/HSkRNRG8dco/default.jpg
21,Node.js Crash Course,https://i.ytimg.com/vi/fBNz5xF-Kx4/default.jpg
22,How NodeJS Works?,https://i.ytimg.com/vi/y0aTs56DJWk/default.jpg
23,#skills #DSA  #node #JS #programming #ezsnippet,https://i.ytimg.com/vi/LFAy5TBB2jA/default.jpg
24,Node JS  Developer Course in Tamil | Full Video | 10 Hrs,https://i.ytimg.com/vi/7hTtRfoAcLk/default.jpg
25,Node Js Tutorial for beginners in Tamil 2024 | Full Course for Beginners | 3 HRS | @Balachandra_in,https://i.ytimg.com/vi/SdyzXQoQO18/default.jpg
